<?xml version = "1.0" encoding = "utf-8"?>
<!DOCTYPE hibernate-configuration SYSTEM 
"http://www.hibernate.org/dtd/hibernate-configuration-3.0.dtd">

<hibernate-configuration>
	<session-factory>

		<property name="hibernate.dialect">org.hibernate.dialect.MySQLDialect</property>
		<property name="hibernate.connection.driver_class">com.mysql.cj.jdbc.Driver</property>
		<property name="hibernate.connection.url">jdbc:mysql://localhost:3306/ContactList</property>

		<property name="hibernate.connection.username">root</property>

		<property name="hibernate.connection.password">root</property>
		<!-- <property name="hibernate.show_sql">true</property> -->

		<!-- List of XML mapping files -->
		<mapping resource="com/test/contact/api/model/contacts.hbm.xml" />
	</session-factory>
</hibernate-configuration>